customer_id,customer_name,customer_type,country,kyc_risk,pep_flag,expected_monthly_volume
CUST10000,Customer 0001,Individual,United States,Low,0,1358.5
CUST10001,Customer 0002,Business,Turkey,Low,0,24660.5
CUST10002,Customer 0003,Individual,United States,Low,0,13399.61
CUST10003,Customer 0004,Individual,Mexico,Low,0,15578.96
CUST10004,Customer 0005,Individual,Mexico,High,0,5124.98
CUST10005,Customer 0006,Individual,Mexico,Low,0,12406.14
CUST10006,Customer 0007,Business,United States,High,0,3779.72
CUST10007,Customer 0008,Individual,Nigeria,Low,0,4597.58
CUST10008,Customer 0009,Individual,United Arab Emirates,Low,0,12283.47
CUST10009,Customer 0010,Individual,United States,Low,0,8469.01
CUST10010,Customer 0011,Individual,Mexico,Moderate,0,18498.56
CUST10011,Customer 0012,Individual,United Arab Emirates,Low,0,7755.87
CUST10012,Customer 0013,Individual,Canada,Moderate,0,19097.64
CUST10013,Customer 0014,Individual,India,Low,0,11888.91
CUST10014,Customer 0015,Business,Nigeria,Moderate,0,21938.9
CUST10015,Customer 0016,Business,United Kingdom,High,0,6754.45
CUST10016,Customer 0017,Business,United States,Moderate,0,26898.99
CUST10017,Customer 0018,Individual,Turkey,Moderate,0,5561.38
CUST10018,Customer 0019,Individual,United Arab Emirates,High,0,12070.43
CUST10019,Customer 0020,Business,Mexico,High,0,30856.97
CUST10020,Customer 0021,Individual,United Arab Emirates,Moderate,0,9917.43
CUST10021,Customer 0022,Individual,Russia,Low,0,7793.31
CUST10022,Customer 0023,Individual,United States,Moderate,0,5057.93
CUST10023,Customer 0024,Business,United States,Low,0,11155.26
CUST10024,Customer 0025,Individual,United Arab Emirates,Moderate,0,4763.52
CUST10025,Customer 0026,Individual,Mexico,Low,0,17396.28
CUST10026,Customer 0027,Individual,India,Low,0,15728.38
CUST10027,Customer 0028,Individual,United States,Low,0,12685.38
CUST10028,Customer 0029,Business,India,Moderate,0,2011.06
CUST10029,Customer 0030,Individual,United States,Low,0,3539.96
CUST10030,Customer 0031,Individual,United Kingdom,Low,0,15865.38
CUST10031,Customer 0032,Individual,Canada,Low,0,3864.78
CUST10032,Customer 0033,Individual,United States,Moderate,1,24801.04
CUST10033,Customer 0034,Individual,Nigeria,Moderate,0,2359.02
CUST10034,Customer 0035,Individual,United States,Low,0,7399.14
CUST10035,Customer 0036,Individual,United States,High,0,32998.71
CUST10036,Customer 0037,Business,Canada,Moderate,0,2906.6
CUST10037,Customer 0038,Individual,Canada,Low,0,62718.82
CUST10038,Customer 0039,Individual,United States,Low,0,5250.05
CUST10039,Customer 0040,Business,United States,Moderate,0,4314.56
CUST10040,Customer 0041,Individual,Canada,Low,0,9975.13
CUST10041,Customer 0042,Individual,United Kingdom,High,0,3473.16
CUST10042,Customer 0043,Business,Turkey,Moderate,0,23495.67
CUST10043,Customer 0044,Individual,United Arab Emirates,Moderate,0,4445.3
CUST10044,Customer 0045,Individual,United Kingdom,Low,1,6832.12
CUST10045,Customer 0046,Individual,United States,Low,0,10457.5
CUST10046,Customer 0047,Business,Russia,Low,0,6916.76
CUST10047,Customer 0048,Individual,United States,Low,0,2420.64
CUST10048,Customer 0049,Individual,United Arab Emirates,Low,0,5413.65
CUST10049,Customer 0050,Business,United States,High,0,20420.68
CUST10050,Customer 0051,Individual,United States,High,0,2820.82
CUST10051,Customer 0052,Individual,Mexico,Low,0,7074.99
CUST10052,Customer 0053,Individual,Turkey,Low,0,6328.75
CUST10053,Customer 0054,Individual,United States,Low,0,2449.37
CUST10054,Customer 0055,Individual,Turkey,Low,0,6760.76
CUST10055,Customer 0056,Individual,Canada,Moderate,0,2696.17
CUST10056,Customer 0057,Individual,United Kingdom,Low,0,14282.81
CUST10057,Customer 0058,Business,United States,Moderate,0,24851.55
CUST10058,Customer 0059,Individual,United Kingdom,Moderate,0,13136.4
CUST10059,Customer 0060,Individual,Nigeria,Moderate,0,3745.72
CUST10060,Customer 0061,Business,Russia,Low,0,12451.23
CUST10061,Customer 0062,Individual,India,Low,0,58510.73
CUST10062,Customer 0063,Individual,Turkey,Low,0,10436.74
CUST10063,Customer 0064,Individual,United States,Moderate,0,19247.6
CUST10064,Customer 0065,Individual,United States,High,0,40504.14
CUST10065,Customer 0066,Individual,Nigeria,High,0,4151.87
CUST10066,Customer 0067,Individual,Russia,Low,1,11174.18
CUST10067,Customer 0068,Individual,China,High,0,25107.2
CUST10068,Customer 0069,Business,United States,Low,0,6396.23
CUST10069,Customer 0070,Individual,United States,Moderate,0,23809.16
CUST10070,Customer 0071,Individual,Russia,Moderate,0,4898.85
CUST10071,Customer 0072,Individual,United States,High,0,4249.45
CUST10072,Customer 0073,Individual,India,Low,0,6501.14
CUST10073,Customer 0074,Business,United Kingdom,Moderate,0,9261.33
CUST10074,Customer 0075,Individual,United States,Low,0,2897.11
CUST10075,Customer 0076,Individual,United States,High,0,5649.92
CUST10076,Customer 0077,Business,United States,Low,0,3127.11
CUST10077,Customer 0078,Individual,United States,Low,0,11279.06
CUST10078,Customer 0079,Business,United States,Low,0,10212.3
CUST10079,Customer 0080,Individual,United Arab Emirates,Low,0,7013.48
CUST10080,Customer 0081,Individual,Mexico,Moderate,0,3727.15
CUST10081,Customer 0082,Individual,United States,Moderate,0,3327.93
CUST10082,Customer 0083,Individual,United States,Low,0,100724.61
CUST10083,Customer 0084,Individual,United States,Low,0,16796.44
CUST10084,Customer 0085,Individual,Mexico,Low,0,22689.47
CUST10085,Customer 0086,Individual,India,Low,0,8578.12
CUST10086,Customer 0087,Individual,United States,Moderate,0,18444.09
CUST10087,Customer 0088,Individual,United States,Low,0,7316.78
CUST10088,Customer 0089,Individual,United States,Low,0,23061.42
CUST10089,Customer 0090,Individual,United Arab Emirates,High,0,4006.08
CUST10090,Customer 0091,Individual,United States,Moderate,1,9979.47
CUST10091,Customer 0092,Business,United States,Low,0,6386.32
CUST10092,Customer 0093,Individual,China,Low,0,20129.22
CUST10093,Customer 0094,Individual,Turkey,Moderate,0,6308.21
CUST10094,Customer 0095,Individual,Canada,Low,0,6178.43
CUST10095,Customer 0096,Business,United States,Low,0,12205.57
CUST10096,Customer 0097,Individual,Canada,Low,0,25901.08
CUST10097,Customer 0098,Business,Mexico,Low,0,3004.25
CUST10098,Customer 0099,Individual,Canada,Moderate,0,4999.41
CUST10099,Customer 0100,Individual,China,Moderate,0,10632.02
CUST10100,Customer 0101,Individual,United States,Moderate,0,21755.7
CUST10101,Customer 0102,Individual,Russia,Low,0,40746.43
CUST10102,Customer 0103,Individual,United Kingdom,Low,0,14479.12
CUST10103,Customer 0104,Individual,United States,High,0,8583.98
CUST10104,Customer 0105,Individual,Mexico,Low,0,16362.88
CUST10105,Customer 0106,Business,Russia,High,0,5303.23
CUST10106,Customer 0107,Individual,United States,Low,0,9061.31
CUST10107,Customer 0108,Individual,Mexico,Moderate,0,14880.29
CUST10108,Customer 0109,Individual,United Kingdom,Low,0,3021.39
CUST10109,Customer 0110,Individual,United States,Low,0,3387.36
CUST10110,Customer 0111,Business,United States,Low,0,42814.74
CUST10111,Customer 0112,Individual,United States,Moderate,0,5481.17
CUST10112,Customer 0113,Individual,Russia,High,0,3507.65
CUST10113,Customer 0114,Individual,United States,Low,1,8712.2
CUST10114,Customer 0115,Individual,United Kingdom,Moderate,0,41632.81
CUST10115,Customer 0116,Business,United States,High,0,23796.37
CUST10116,Customer 0117,Individual,United Arab Emirates,Moderate,0,10200.04
CUST10117,Customer 0118,Individual,United Arab Emirates,Low,0,6834.8
CUST10118,Customer 0119,Individual,Canada,Low,0,3737.78
CUST10119,Customer 0120,Individual,United States,Low,0,12482.81
CUST10120,Customer 0121,Individual,United States,Low,0,11547.97
CUST10121,Customer 0122,Individual,United States,Low,1,69890.12
CUST10122,Customer 0123,Individual,United States,Low,0,47489.5
CUST10123,Customer 0124,Individual,United Kingdom,Low,0,6470.62
CUST10124,Customer 0125,Individual,Mexico,Low,0,15892.93
CUST10125,Customer 0126,Individual,United States,Low,0,21606.41
CUST10126,Customer 0127,Individual,United States,Low,0,13693.77
CUST10127,Customer 0128,Business,United Arab Emirates,Moderate,0,43238.41
CUST10128,Customer 0129,Individual,Canada,Moderate,0,3179.16
CUST10129,Customer 0130,Individual,Canada,Low,0,15931.97
CUST10130,Customer 0131,Individual,Mexico,Moderate,0,8045.45
CUST10131,Customer 0132,Individual,United States,Moderate,0,5068.94
CUST10132,Customer 0133,Individual,United States,Low,0,4154.79
CUST10133,Customer 0134,Individual,United States,Low,0,15095.78
CUST10134,Customer 0135,Business,Turkey,Low,0,25145.54
CUST10135,Customer 0136,Business,United Kingdom,High,0,16544.7
CUST10136,Customer 0137,Individual,United Arab Emirates,High,0,9205.35
CUST10137,Customer 0138,Individual,United States,Low,0,15937.72
CUST10138,Customer 0139,Individual,United States,Moderate,0,31990.28
CUST10139,Customer 0140,Individual,Mexico,Low,0,4008.04
CUST10140,Customer 0141,Individual,Turkey,Low,1,20202.0
CUST10141,Customer 0142,Individual,Canada,Moderate,0,27963.07
CUST10142,Customer 0143,Individual,Canada,Low,0,27306.02
CUST10143,Customer 0144,Individual,Canada,Low,0,5641.69
CUST10144,Customer 0145,Individual,Mexico,Low,0,24946.46
CUST10145,Customer 0146,Individual,Mexico,Low,0,14414.09
CUST10146,Customer 0147,Individual,Canada,High,0,6624.72
CUST10147,Customer 0148,Individual,Turkey,Moderate,0,7208.57
CUST10148,Customer 0149,Individual,Canada,Low,0,45905.93
CUST10149,Customer 0150,Individual,Turkey,Low,0,22970.05
CUST10150,Customer 0151,Business,China,Low,0,5768.93
CUST10151,Customer 0152,Individual,United Kingdom,Low,1,15174.53
CUST10152,Customer 0153,Business,China,Moderate,0,13825.24
CUST10153,Customer 0154,Individual,Russia,Moderate,0,11096.68
CUST10154,Customer 0155,Individual,United Kingdom,Low,1,4188.46
CUST10155,Customer 0156,Individual,United States,Low,0,14892.76
CUST10156,Customer 0157,Individual,Russia,Low,0,4584.65
CUST10157,Customer 0158,Individual,United Kingdom,Low,0,5528.87
CUST10158,Customer 0159,Individual,Russia,Low,0,29294.88
CUST10159,Customer 0160,Individual,United Kingdom,Moderate,0,6740.18
CUST10160,Customer 0161,Individual,United States,Low,0,16186.73
CUST10161,Customer 0162,Individual,Canada,Low,0,5907.08
CUST10162,Customer 0163,Individual,Nigeria,Moderate,0,9653.99
CUST10163,Customer 0164,Individual,Mexico,Low,0,24824.83
CUST10164,Customer 0165,Individual,Mexico,Low,0,3933.49
CUST10165,Customer 0166,Individual,Nigeria,Low,0,6732.25
CUST10166,Customer 0167,Individual,United Arab Emirates,Low,0,4439.6
CUST10167,Customer 0168,Individual,United Kingdom,High,0,8003.04
CUST10168,Customer 0169,Individual,Canada,Moderate,0,4394.41
CUST10169,Customer 0170,Business,India,Moderate,0,74478.25
CUST10170,Customer 0171,Individual,United Arab Emirates,Moderate,0,10953.99
CUST10171,Customer 0172,Business,China,Low,0,7775.81
CUST10172,Customer 0173,Business,United States,Moderate,0,6297.39
CUST10173,Customer 0174,Individual,United Kingdom,Moderate,0,19460.98
CUST10174,Customer 0175,Individual,United States,Low,0,14068.91
CUST10175,Customer 0176,Business,United States,Low,0,1514.31
CUST10176,Customer 0177,Individual,United Kingdom,Low,1,3264.21
CUST10177,Customer 0178,Individual,Mexico,Low,0,36210.01
CUST10178,Customer 0179,Individual,United States,Low,0,49343.33
CUST10179,Customer 0180,Individual,United States,Low,0,6416.78
CUST10180,Customer 0181,Individual,Turkey,Low,0,7827.87
CUST10181,Customer 0182,Business,Nigeria,High,0,3278.6
CUST10182,Customer 0183,Individual,United Kingdom,Low,0,13120.08
CUST10183,Customer 0184,Individual,United States,Low,0,15961.13
CUST10184,Customer 0185,Business,Turkey,Moderate,0,27136.99
CUST10185,Customer 0186,Individual,Russia,Moderate,0,7902.38
CUST10186,Customer 0187,Individual,Russia,Low,0,16613.91
CUST10187,Customer 0188,Individual,United States,Moderate,0,12808.05
CUST10188,Customer 0189,Individual,United States,Low,0,22126.5
CUST10189,Customer 0190,Individual,United States,Moderate,0,6588.1
CUST10190,Customer 0191,Individual,United States,Low,0,7247.66
CUST10191,Customer 0192,Individual,India,Moderate,0,4565.98
CUST10192,Customer 0193,Individual,United States,Low,0,20255.59
CUST10193,Customer 0194,Individual,Mexico,Low,0,1431.42
CUST10194,Customer 0195,Business,Mexico,Low,0,4363.16
CUST10195,Customer 0196,Individual,Turkey,Moderate,0,1262.97
CUST10196,Customer 0197,Individual,United States,Moderate,0,3652.62
CUST10197,Customer 0198,Individual,Mexico,Low,1,6334.08
CUST10198,Customer 0199,Individual,United Arab Emirates,Low,0,3302.67
CUST10199,Customer 0200,Individual,Mexico,Low,0,3137.13
CUST10200,Customer 0201,Individual,United States,Low,0,1607.65
CUST10201,Customer 0202,Individual,Russia,High,0,13887.68
CUST10202,Customer 0203,Business,Nigeria,Moderate,0,5930.22
CUST10203,Customer 0204,Individual,Mexico,Low,0,14744.87
CUST10204,Customer 0205,Individual,United Kingdom,Low,0,1999.58
CUST10205,Customer 0206,Individual,United States,Low,0,30132.72
CUST10206,Customer 0207,Individual,Canada,Low,0,13651.5
CUST10207,Customer 0208,Individual,United States,Low,0,84744.21
CUST10208,Customer 0209,Business,United States,Low,0,10659.13
CUST10209,Customer 0210,Individual,Turkey,Low,0,24671.26
CUST10210,Customer 0211,Individual,Mexico,Low,0,8381.65
CUST10211,Customer 0212,Individual,United States,Low,0,5668.59
CUST10212,Customer 0213,Individual,United Arab Emirates,Low,0,7337.37
CUST10213,Customer 0214,Individual,United States,Moderate,0,16491.64
CUST10214,Customer 0215,Individual,Nigeria,Low,0,9898.56
CUST10215,Customer 0216,Individual,United States,Low,1,19418.66
CUST10216,Customer 0217,Individual,United States,Low,0,6179.74
CUST10217,Customer 0218,Individual,United States,Low,0,11670.57
CUST10218,Customer 0219,Individual,United Arab Emirates,Low,0,9466.63
CUST10219,Customer 0220,Individual,United States,Low,0,8911.58
CUST10220,Customer 0221,Individual,United Arab Emirates,Moderate,0,38806.17
CUST10221,Customer 0222,Individual,Mexico,Low,0,4422.94
CUST10222,Customer 0223,Business,United States,Moderate,0,1369.15
CUST10223,Customer 0224,Individual,India,Low,0,3745.07
CUST10224,Customer 0225,Individual,United States,Moderate,0,5776.44
CUST10225,Customer 0226,Individual,United States,Low,0,3079.42
CUST10226,Customer 0227,Individual,Nigeria,Moderate,0,4684.66
CUST10227,Customer 0228,Individual,India,Low,0,7192.72
CUST10228,Customer 0229,Individual,United States,Low,0,18679.59
CUST10229,Customer 0230,Individual,United States,Moderate,0,10478.39
CUST10230,Customer 0231,Individual,United Kingdom,Low,1,3425.18
CUST10231,Customer 0232,Individual,United States,High,0,2921.24
CUST10232,Customer 0233,Individual,Turkey,Low,0,42391.37
CUST10233,Customer 0234,Individual,United States,Low,0,3980.74
CUST10234,Customer 0235,Individual,Mexico,Moderate,0,2722.42
CUST10235,Customer 0236,Business,Mexico,Low,0,2067.62
CUST10236,Customer 0237,Business,United States,Moderate,0,22236.73
CUST10237,Customer 0238,Individual,Canada,Low,0,5678.69
CUST10238,Customer 0239,Individual,Canada,Moderate,0,1426.0
CUST10239,Customer 0240,Individual,Canada,Low,0,7461.35
CUST10240,Customer 0241,Individual,United States,Low,0,10637.86
CUST10241,Customer 0242,Individual,United Arab Emirates,Low,0,8046.45
CUST10242,Customer 0243,Individual,United Kingdom,Moderate,0,11509.57
CUST10243,Customer 0244,Individual,United States,Moderate,0,7032.74
CUST10244,Customer 0245,Individual,United States,Low,0,12661.75
CUST10245,Customer 0246,Individual,United States,Moderate,0,4103.03
CUST10246,Customer 0247,Business,United Kingdom,Low,0,10993.24
CUST10247,Customer 0248,Individual,United States,Low,0,5327.27
CUST10248,Customer 0249,Individual,United States,Moderate,0,6372.72
CUST10249,Customer 0250,Individual,United States,High,0,1731.79
CUST10250,Customer 0251,Individual,United States,High,0,15865.02
CUST10251,Customer 0252,Individual,United States,Low,0,7674.87
CUST10252,Customer 0253,Individual,India,Moderate,1,8540.65
CUST10253,Customer 0254,Individual,Mexico,Moderate,0,4820.22
CUST10254,Customer 0255,Business,Nigeria,High,0,28016.13
CUST10255,Customer 0256,Individual,Nigeria,Low,0,12829.6
CUST10256,Customer 0257,Business,Mexico,Low,0,4475.97
CUST10257,Customer 0258,Individual,United States,Moderate,0,15510.31
CUST10258,Customer 0259,Individual,United States,Moderate,0,35024.98
CUST10259,Customer 0260,Business,Nigeria,Low,0,8837.96
CUST10260,Customer 0261,Business,Canada,High,0,46721.92
CUST10261,Customer 0262,Individual,United Kingdom,Low,0,6528.16
CUST10262,Customer 0263,Individual,United States,Moderate,0,5071.85
CUST10263,Customer 0264,Individual,United States,Low,0,8192.83
CUST10264,Customer 0265,Individual,United States,Low,0,12269.56
CUST10265,Customer 0266,Business,United States,Low,0,37567.79
CUST10266,Customer 0267,Individual,India,Low,0,16013.75
CUST10267,Customer 0268,Individual,Nigeria,Low,0,6211.25
CUST10268,Customer 0269,Individual,Turkey,Low,0,29423.08
CUST10269,Customer 0270,Individual,United States,Moderate,0,107166.33
CUST10270,Customer 0271,Individual,United States,Low,0,38313.07
CUST10271,Customer 0272,Individual,China,Moderate,0,4597.6
CUST10272,Customer 0273,Individual,Russia,Moderate,0,4085.08
CUST10273,Customer 0274,Individual,United States,Moderate,0,15840.7
CUST10274,Customer 0275,Individual,United States,Low,1,20433.85
CUST10275,Customer 0276,Business,United States,Low,0,15050.19
CUST10276,Customer 0277,Individual,United States,Low,0,4659.07
CUST10277,Customer 0278,Individual,Russia,Low,0,41700.5
CUST10278,Customer 0279,Business,India,Low,0,8518.85
CUST10279,Customer 0280,Business,India,Low,0,7873.3
CUST10280,Customer 0281,Individual,United Kingdom,Low,0,11555.76
CUST10281,Customer 0282,Individual,United States,Moderate,0,2638.96
CUST10282,Customer 0283,Individual,United States,Low,0,1717.09
CUST10283,Customer 0284,Individual,United States,Moderate,0,9448.01
CUST10284,Customer 0285,Individual,United Kingdom,Low,1,14983.56
CUST10285,Customer 0286,Business,Mexico,Low,0,20443.86
CUST10286,Customer 0287,Individual,Russia,Moderate,0,4597.27
CUST10287,Customer 0288,Business,United States,Low,0,26950.71
CUST10288,Customer 0289,Business,Canada,Moderate,0,5946.42
CUST10289,Customer 0290,Business,United States,Low,1,8274.99
CUST10290,Customer 0291,Individual,Turkey,Low,0,14801.58
CUST10291,Customer 0292,Individual,United States,Moderate,0,12471.88
CUST10292,Customer 0293,Individual,United States,Moderate,0,1334.69
CUST10293,Customer 0294,Individual,United Arab Emirates,Low,1,1787.29
CUST10294,Customer 0295,Individual,United States,Moderate,0,1841.57
CUST10295,Customer 0296,Individual,United States,Moderate,0,74108.86
CUST10296,Customer 0297,Business,Turkey,High,0,7973.9
CUST10297,Customer 0298,Individual,Russia,Moderate,0,15822.93
CUST10298,Customer 0299,Individual,Canada,Low,0,9334.7
CUST10299,Customer 0300,Individual,China,Low,0,16557.88
CUST10300,Customer 0301,Business,United Arab Emirates,Low,0,4107.43
CUST10301,Customer 0302,Individual,Mexico,Low,0,25470.52
CUST10302,Customer 0303,Individual,United Kingdom,Moderate,0,1880.24
CUST10303,Customer 0304,Business,United States,Low,0,6884.64
CUST10304,Customer 0305,Business,Nigeria,Low,0,19733.74
CUST10305,Customer 0306,Individual,United States,Low,0,10597.72
CUST10306,Customer 0307,Individual,India,Moderate,0,17820.96
CUST10307,Customer 0308,Individual,India,Moderate,0,10467.04
CUST10308,Customer 0309,Individual,United States,High,0,23177.88
CUST10309,Customer 0310,Individual,United States,Moderate,0,3231.01
CUST10310,Customer 0311,Individual,China,Low,0,8805.39
CUST10311,Customer 0312,Individual,Turkey,Low,0,15104.5
CUST10312,Customer 0313,Individual,United States,Low,0,36848.36
CUST10313,Customer 0314,Individual,United States,Moderate,0,14746.76
CUST10314,Customer 0315,Business,China,Low,0,2124.21
CUST10315,Customer 0316,Individual,Turkey,Moderate,0,5344.52
CUST10316,Customer 0317,Individual,Canada,Moderate,0,12445.41
CUST10317,Customer 0318,Individual,United States,Low,0,10484.02
CUST10318,Customer 0319,Individual,Russia,High,0,13570.14
CUST10319,Customer 0320,Business,India,Low,0,6653.86
CUST10320,Customer 0321,Individual,United States,Low,0,67698.1
CUST10321,Customer 0322,Individual,United Kingdom,Low,0,14078.9
CUST10322,Customer 0323,Individual,United States,Moderate,0,58924.05
CUST10323,Customer 0324,Business,Russia,Low,0,6087.1
CUST10324,Customer 0325,Individual,United States,Low,0,1955.18
CUST10325,Customer 0326,Individual,India,Low,0,9125.06
CUST10326,Customer 0327,Individual,United States,Low,0,4562.48
CUST10327,Customer 0328,Individual,United States,Moderate,0,11779.02
CUST10328,Customer 0329,Individual,United States,Low,0,26652.65
CUST10329,Customer 0330,Individual,United States,Low,0,16089.92
CUST10330,Customer 0331,Individual,Canada,Low,0,15247.82
CUST10331,Customer 0332,Individual,Turkey,Low,0,9871.06
CUST10332,Customer 0333,Individual,United States,Moderate,0,17104.78
CUST10333,Customer 0334,Individual,United States,Moderate,0,16830.63
CUST10334,Customer 0335,Individual,Canada,Low,0,9436.9
CUST10335,Customer 0336,Individual,India,Low,0,7359.51
CUST10336,Customer 0337,Business,United Arab Emirates,Low,0,20887.79
CUST10337,Customer 0338,Individual,Mexico,High,0,16478.68
CUST10338,Customer 0339,Individual,China,Low,0,19501.36
CUST10339,Customer 0340,Business,Turkey,Low,0,36284.39
CUST10340,Customer 0341,Individual,United States,Low,0,7253.8
CUST10341,Customer 0342,Business,Turkey,Low,0,3462.18
CUST10342,Customer 0343,Individual,United States,Moderate,0,19225.56
CUST10343,Customer 0344,Individual,India,Low,0,5220.06
CUST10344,Customer 0345,Individual,Canada,Moderate,0,2313.44
CUST10345,Customer 0346,Business,Turkey,High,0,30267.6
CUST10346,Customer 0347,Individual,Mexico,Moderate,0,8264.13
CUST10347,Customer 0348,Individual,United Kingdom,High,0,7871.4
CUST10348,Customer 0349,Business,United States,Low,0,4926.88
CUST10349,Customer 0350,Individual,Mexico,Low,0,36928.05
CUST10350,Customer 0351,Individual,United Kingdom,Low,0,16246.68
CUST10351,Customer 0352,Business,Nigeria,Moderate,0,15959.9
CUST10352,Customer 0353,Individual,United States,Low,0,12927.1
CUST10353,Customer 0354,Individual,China,Low,0,15318.19
CUST10354,Customer 0355,Individual,United States,Low,0,5076.35
CUST10355,Customer 0356,Individual,Turkey,Moderate,0,47304.51
CUST10356,Customer 0357,Individual,United States,Low,1,2917.05
CUST10357,Customer 0358,Individual,United States,High,0,6843.77
CUST10358,Customer 0359,Business,United States,Low,0,6364.83
CUST10359,Customer 0360,Individual,United States,Moderate,0,72732.74
CUST10360,Customer 0361,Individual,India,Low,0,8210.1
CUST10361,Customer 0362,Business,United States,Moderate,0,11606.33
CUST10362,Customer 0363,Individual,United States,Moderate,0,5799.14
CUST10363,Customer 0364,Individual,Russia,Moderate,0,45570.29
CUST10364,Customer 0365,Individual,United Kingdom,Low,0,15927.66
CUST10365,Customer 0366,Individual,India,Low,0,9704.02
CUST10366,Customer 0367,Individual,United States,Low,0,52960.94
CUST10367,Customer 0368,Individual,United States,High,0,1828.18
CUST10368,Customer 0369,Individual,United States,Moderate,0,1713.66
CUST10369,Customer 0370,Individual,United Kingdom,Moderate,0,3239.02
CUST10370,Customer 0371,Individual,United States,Low,0,27500.79
CUST10371,Customer 0372,Individual,United States,Low,0,2465.81
CUST10372,Customer 0373,Individual,United Kingdom,Moderate,0,7252.89
CUST10373,Customer 0374,Individual,United States,Low,0,35732.45
CUST10374,Customer 0375,Individual,United States,Low,1,23728.93
CUST10375,Customer 0376,Individual,Nigeria,Low,0,26479.69
CUST10376,Customer 0377,Individual,United States,Low,0,19694.4
CUST10377,Customer 0378,Business,United States,Low,0,13971.98
CUST10378,Customer 0379,Business,China,Low,0,26361.33
CUST10379,Customer 0380,Individual,United States,Low,0,29685.68
CUST10380,Customer 0381,Individual,United States,Low,0,5097.53
CUST10381,Customer 0382,Individual,United States,Low,0,67191.21
CUST10382,Customer 0383,Individual,Nigeria,High,0,8142.08
CUST10383,Customer 0384,Business,United Kingdom,Moderate,0,12121.03
CUST10384,Customer 0385,Individual,United States,Moderate,0,29814.77
CUST10385,Customer 0386,Business,United States,Low,0,18907.35
CUST10386,Customer 0387,Individual,United States,Low,0,21124.45
CUST10387,Customer 0388,Business,United Kingdom,Low,0,3125.2
CUST10388,Customer 0389,Individual,Mexico,Moderate,0,10800.74
CUST10389,Customer 0390,Individual,Russia,Moderate,0,7736.46
CUST10390,Customer 0391,Individual,United Kingdom,Low,0,21624.59
CUST10391,Customer 0392,Business,United States,Moderate,0,12330.07
CUST10392,Customer 0393,Business,United States,Moderate,0,12493.32
CUST10393,Customer 0394,Business,Turkey,Moderate,1,8433.08
CUST10394,Customer 0395,Individual,China,Low,0,2738.09
CUST10395,Customer 0396,Business,United States,Low,0,45604.6
CUST10396,Customer 0397,Individual,United States,Low,0,63797.2
CUST10397,Customer 0398,Individual,China,Low,0,15941.95
CUST10398,Customer 0399,Individual,United States,Low,0,21147.34
CUST10399,Customer 0400,Individual,United States,Low,0,26068.22
CUST10400,Customer 0401,Individual,Canada,Moderate,0,32111.32
CUST10401,Customer 0402,Business,United States,Low,0,2457.09
CUST10402,Customer 0403,Individual,Turkey,High,0,11754.24
CUST10403,Customer 0404,Individual,Mexico,High,0,13419.53
CUST10404,Customer 0405,Individual,United States,Low,0,25561.56
CUST10405,Customer 0406,Individual,United Arab Emirates,Low,0,12696.78
CUST10406,Customer 0407,Business,United Arab Emirates,Low,0,8197.35
CUST10407,Customer 0408,Business,United States,Low,0,6104.23
CUST10408,Customer 0409,Individual,United States,High,0,14395.43
CUST10409,Customer 0410,Individual,Canada,Low,0,45267.34
CUST10410,Customer 0411,Individual,United States,Low,0,12805.6
CUST10411,Customer 0412,Individual,United Kingdom,Low,0,14890.78
CUST10412,Customer 0413,Individual,Canada,Low,0,10400.62
CUST10413,Customer 0414,Business,India,High,0,7934.6
CUST10414,Customer 0415,Individual,United Kingdom,Moderate,0,3791.76
CUST10415,Customer 0416,Individual,United States,Low,0,8153.45
CUST10416,Customer 0417,Business,United Kingdom,Moderate,0,836.12
CUST10417,Customer 0418,Individual,United States,Low,0,9191.95
CUST10418,Customer 0419,Individual,Mexico,Low,0,7611.55
CUST10419,Customer 0420,Individual,United States,Moderate,0,2557.56
CUST10420,Customer 0421,Individual,United States,Low,0,1126.46
CUST10421,Customer 0422,Individual,United States,Moderate,0,7729.19
CUST10422,Customer 0423,Individual,Canada,Low,0,11031.55
CUST10423,Customer 0424,Individual,United States,Low,0,16625.01
CUST10424,Customer 0425,Individual,Nigeria,Low,0,6505.35
CUST10425,Customer 0426,Individual,Nigeria,Low,0,15031.18
CUST10426,Customer 0427,Individual,United States,Moderate,0,1574.62
CUST10427,Customer 0428,Individual,Canada,Low,0,12530.66
CUST10428,Customer 0429,Business,Turkey,Moderate,0,15782.41
CUST10429,Customer 0430,Individual,India,Low,0,4088.54
CUST10430,Customer 0431,Individual,India,Moderate,0,16357.48
CUST10431,Customer 0432,Individual,United States,Low,0,20149.54
CUST10432,Customer 0433,Individual,Canada,Low,0,5295.47
CUST10433,Customer 0434,Individual,Mexico,Low,0,46136.8
CUST10434,Customer 0435,Individual,Canada,Moderate,0,33529.25
CUST10435,Customer 0436,Individual,United States,Low,0,27222.07
CUST10436,Customer 0437,Individual,United States,Low,0,27654.11
CUST10437,Customer 0438,Individual,United Arab Emirates,Low,0,11400.91
CUST10438,Customer 0439,Individual,United Arab Emirates,Low,1,4729.73
CUST10439,Customer 0440,Individual,Canada,Low,0,5989.17
CUST10440,Customer 0441,Individual,United States,Low,0,69867.02
CUST10441,Customer 0442,Individual,United States,Low,0,7718.33
CUST10442,Customer 0443,Individual,Nigeria,Low,0,6916.4
CUST10443,Customer 0444,Individual,United States,Low,0,9057.1
CUST10444,Customer 0445,Individual,Mexico,Low,0,3140.61
CUST10445,Customer 0446,Business,United States,Moderate,0,2068.54
CUST10446,Customer 0447,Individual,India,Moderate,0,4436.46
CUST10447,Customer 0448,Individual,United States,Low,0,9275.09
CUST10448,Customer 0449,Individual,United States,Moderate,1,8059.88
CUST10449,Customer 0450,Individual,United States,Moderate,0,58794.89
CUST10450,Customer 0451,Individual,United States,Low,0,9861.21
CUST10451,Customer 0452,Individual,United States,Low,0,15292.46
CUST10452,Customer 0453,Individual,United Kingdom,Low,0,1974.25
CUST10453,Customer 0454,Individual,India,Low,0,14329.16
CUST10454,Customer 0455,Individual,United States,Low,0,20520.57
CUST10455,Customer 0456,Business,United States,Moderate,0,18666.64
CUST10456,Customer 0457,Individual,Canada,High,1,25937.81
CUST10457,Customer 0458,Business,United Kingdom,Low,0,18200.55
CUST10458,Customer 0459,Individual,China,Low,0,18643.77
CUST10459,Customer 0460,Individual,United States,High,0,15002.56
CUST10460,Customer 0461,Individual,United States,Moderate,0,5200.98
CUST10461,Customer 0462,Individual,Mexico,Low,0,137952.82
CUST10462,Customer 0463,Individual,India,Low,0,99960.31
CUST10463,Customer 0464,Individual,United States,Low,0,30734.3
CUST10464,Customer 0465,Individual,Mexico,Moderate,0,16601.88
CUST10465,Customer 0466,Individual,United States,High,0,9932.56
CUST10466,Customer 0467,Individual,United States,High,0,39408.23
CUST10467,Customer 0468,Individual,United Kingdom,Low,0,4133.81
CUST10468,Customer 0469,Business,Russia,Moderate,0,4257.91
CUST10469,Customer 0470,Individual,Turkey,Moderate,0,27923.38
CUST10470,Customer 0471,Individual,United States,Low,0,2332.16
CUST10471,Customer 0472,Individual,Turkey,Low,0,4173.46
CUST10472,Customer 0473,Individual,United Arab Emirates,High,0,5311.78
CUST10473,Customer 0474,Individual,Canada,Low,0,10092.67
CUST10474,Customer 0475,Individual,United States,Moderate,0,11204.09
CUST10475,Customer 0476,Individual,United Arab Emirates,High,1,1790.51
CUST10476,Customer 0477,Individual,Nigeria,Low,0,5451.26
CUST10477,Customer 0478,Individual,United States,Moderate,0,60165.47
CUST10478,Customer 0479,Business,Russia,Moderate,0,7685.0
CUST10479,Customer 0480,Individual,United States,Moderate,0,9332.61
CUST10480,Customer 0481,Individual,Turkey,Moderate,0,28027.01
CUST10481,Customer 0482,Individual,Turkey,Low,0,6303.38
CUST10482,Customer 0483,Business,Turkey,Moderate,0,2599.68
CUST10483,Customer 0484,Individual,United States,Low,0,3761.62
CUST10484,Customer 0485,Business,United States,Moderate,0,25292.32
CUST10485,Customer 0486,Individual,United Arab Emirates,Moderate,0,18583.97
CUST10486,Customer 0487,Individual,United States,Moderate,0,10945.83
CUST10487,Customer 0488,Business,India,Moderate,0,18617.86
CUST10488,Customer 0489,Business,United States,Moderate,0,10828.05
CUST10489,Customer 0490,Individual,United States,Low,0,12525.38
CUST10490,Customer 0491,Individual,India,Moderate,0,11070.32
CUST10491,Customer 0492,Individual,United States,Low,0,48004.75
CUST10492,Customer 0493,Individual,Nigeria,Low,0,66232.91
CUST10493,Customer 0494,Individual,Canada,Low,0,9460.41
CUST10494,Customer 0495,Individual,United States,High,0,3553.81
CUST10495,Customer 0496,Business,China,High,0,1936.76
CUST10496,Customer 0497,Individual,United States,Moderate,0,12801.1
CUST10497,Customer 0498,Individual,Turkey,High,0,431.0
CUST10498,Customer 0499,Individual,Nigeria,Moderate,0,6969.2
CUST10499,Customer 0500,Individual,United States,Low,0,4190.09
CUST10500,Customer 0501,Individual,United States,Moderate,0,18592.81
CUST10501,Customer 0502,Individual,United States,Low,0,12611.03
CUST10502,Customer 0503,Individual,India,Low,0,4477.29
CUST10503,Customer 0504,Individual,United Arab Emirates,Low,0,12842.85
CUST10504,Customer 0505,Individual,Mexico,Low,0,14671.59
CUST10505,Customer 0506,Business,United States,Low,0,2414.44
CUST10506,Customer 0507,Individual,Mexico,Moderate,0,6940.71
CUST10507,Customer 0508,Business,India,Moderate,0,4213.03
CUST10508,Customer 0509,Individual,Canada,Low,0,14695.46
CUST10509,Customer 0510,Individual,United States,Moderate,0,23549.55
CUST10510,Customer 0511,Individual,Nigeria,High,0,15365.8
CUST10511,Customer 0512,Individual,India,Low,0,6654.14
CUST10512,Customer 0513,Individual,India,High,0,6779.95
CUST10513,Customer 0514,Individual,United States,Moderate,0,4573.03
CUST10514,Customer 0515,Business,United States,Moderate,0,5505.49
CUST10515,Customer 0516,Individual,Turkey,Low,0,13826.17
CUST10516,Customer 0517,Individual,United States,Low,0,11706.45
CUST10517,Customer 0518,Individual,United States,Moderate,0,4760.89
CUST10518,Customer 0519,Individual,United Kingdom,Moderate,0,19133.29
CUST10519,Customer 0520,Business,United States,Moderate,0,24910.2
CUST10520,Customer 0521,Individual,United States,Moderate,0,13634.82
CUST10521,Customer 0522,Individual,Nigeria,Low,0,6349.51
CUST10522,Customer 0523,Business,Turkey,Moderate,0,6492.15
CUST10523,Customer 0524,Individual,United States,Low,0,2662.56
CUST10524,Customer 0525,Individual,Canada,Low,0,36436.09
CUST10525,Customer 0526,Individual,Mexico,Low,0,3061.86
CUST10526,Customer 0527,Business,United States,Low,0,10328.27
CUST10527,Customer 0528,Business,United States,Low,0,10250.88
CUST10528,Customer 0529,Individual,United States,Low,1,6030.43
CUST10529,Customer 0530,Individual,India,Low,0,2409.88
CUST10530,Customer 0531,Individual,United States,Low,0,8385.89
CUST10531,Customer 0532,Individual,United States,Moderate,0,30777.75
CUST10532,Customer 0533,Individual,United Kingdom,Low,0,14033.45
CUST10533,Customer 0534,Individual,United States,Low,0,8306.05
CUST10534,Customer 0535,Business,United States,Low,0,8344.23
CUST10535,Customer 0536,Individual,Turkey,Moderate,0,16875.73
CUST10536,Customer 0537,Individual,Russia,Low,0,5802.28
CUST10537,Customer 0538,Individual,United States,Low,0,2234.95
CUST10538,Customer 0539,Business,Mexico,Moderate,0,9704.65
CUST10539,Customer 0540,Business,United Kingdom,Low,0,2905.51
CUST10540,Customer 0541,Business,United Arab Emirates,Moderate,0,4978.92
CUST10541,Customer 0542,Individual,Nigeria,Low,0,13967.11
CUST10542,Customer 0543,Business,United States,High,0,22804.9
CUST10543,Customer 0544,Individual,United Kingdom,Low,0,10471.53
CUST10544,Customer 0545,Individual,Canada,High,0,2052.34
CUST10545,Customer 0546,Individual,United States,Moderate,0,12380.58
CUST10546,Customer 0547,Business,United States,Low,0,7628.7
CUST10547,Customer 0548,Individual,United Kingdom,Low,0,18698.06
CUST10548,Customer 0549,Individual,Nigeria,Low,0,9219.12
CUST10549,Customer 0550,Individual,United States,Moderate,0,8607.57
CUST10550,Customer 0551,Individual,United States,Low,0,5167.43
CUST10551,Customer 0552,Individual,United States,High,0,2511.87
CUST10552,Customer 0553,Individual,United States,Low,0,15631.48
CUST10553,Customer 0554,Business,United States,High,0,8113.44
CUST10554,Customer 0555,Business,China,Moderate,0,1399.44
CUST10555,Customer 0556,Business,India,Moderate,0,11704.07
CUST10556,Customer 0557,Business,Mexico,Low,0,25636.04
CUST10557,Customer 0558,Individual,United Kingdom,High,0,9496.46
CUST10558,Customer 0559,Business,United States,High,0,8594.17
CUST10559,Customer 0560,Individual,United States,High,0,10150.16
CUST10560,Customer 0561,Individual,India,Low,0,9631.83
CUST10561,Customer 0562,Individual,United States,Low,0,5778.17
CUST10562,Customer 0563,Individual,United States,Low,0,11386.97
CUST10563,Customer 0564,Individual,United States,Low,0,660.19
CUST10564,Customer 0565,Individual,United States,Low,0,6143.11
CUST10565,Customer 0566,Business,United States,Moderate,0,39191.7
CUST10566,Customer 0567,Individual,China,Low,0,14199.3
CUST10567,Customer 0568,Business,Nigeria,Low,0,5477.83
CUST10568,Customer 0569,Individual,United States,Low,0,18548.29
CUST10569,Customer 0570,Individual,Turkey,Moderate,0,1652.23
CUST10570,Customer 0571,Individual,United States,High,0,21302.14
CUST10571,Customer 0572,Individual,Russia,Low,0,10585.78
CUST10572,Customer 0573,Individual,United States,Low,0,40789.61
CUST10573,Customer 0574,Individual,United States,Low,0,1589.99
CUST10574,Customer 0575,Individual,United States,Moderate,0,40098.95
CUST10575,Customer 0576,Individual,United States,Low,0,1423.12
CUST10576,Customer 0577,Business,United Kingdom,Low,0,3357.33
CUST10577,Customer 0578,Individual,Mexico,Low,1,64796.95
CUST10578,Customer 0579,Business,United States,Moderate,0,4474.12
CUST10579,Customer 0580,Individual,Mexico,Low,0,6131.04
CUST10580,Customer 0581,Individual,United States,High,0,12884.11
CUST10581,Customer 0582,Business,United States,Low,0,11242.27
CUST10582,Customer 0583,Business,Russia,Low,0,10825.32
CUST10583,Customer 0584,Individual,United States,Low,0,9110.63
CUST10584,Customer 0585,Individual,United States,Low,0,2209.98
CUST10585,Customer 0586,Business,United Kingdom,Moderate,0,4488.5
CUST10586,Customer 0587,Individual,United Kingdom,Low,0,11550.37
CUST10587,Customer 0588,Individual,United States,Low,0,1375.94
CUST10588,Customer 0589,Individual,United States,Moderate,0,55008.15
CUST10589,Customer 0590,Business,Canada,Low,0,11748.08
CUST10590,Customer 0591,Individual,United States,Low,0,2608.01
CUST10591,Customer 0592,Business,Nigeria,Low,0,2690.09
CUST10592,Customer 0593,Individual,United States,Low,0,9821.72
CUST10593,Customer 0594,Individual,United States,Low,0,2388.63
CUST10594,Customer 0595,Individual,Canada,Moderate,0,8771.95
CUST10595,Customer 0596,Individual,United States,Low,0,1916.58
CUST10596,Customer 0597,Individual,India,Low,0,7721.38
CUST10597,Customer 0598,Individual,United Arab Emirates,Moderate,0,19769.45
CUST10598,Customer 0599,Individual,United States,Moderate,0,19414.94
CUST10599,Customer 0600,Individual,United States,Low,0,4421.93
CUST10600,Customer 0601,Individual,India,Moderate,0,16200.47
CUST10601,Customer 0602,Individual,Canada,Low,0,8277.51
CUST10602,Customer 0603,Business,China,Moderate,0,9562.17
CUST10603,Customer 0604,Individual,Turkey,High,0,35577.45
CUST10604,Customer 0605,Individual,United States,Low,0,24335.77
CUST10605,Customer 0606,Individual,China,Low,0,2321.89
CUST10606,Customer 0607,Individual,United States,High,0,30861.82
CUST10607,Customer 0608,Business,United States,Low,0,14086.46
CUST10608,Customer 0609,Business,Canada,Moderate,0,13257.74
CUST10609,Customer 0610,Individual,China,Low,0,37587.91
CUST10610,Customer 0611,Individual,United States,High,0,10350.98
CUST10611,Customer 0612,Individual,United States,Low,0,2812.37
CUST10612,Customer 0613,Business,Turkey,High,0,5007.77
CUST10613,Customer 0614,Individual,China,Moderate,0,7273.58
CUST10614,Customer 0615,Individual,United States,Low,0,4830.87
CUST10615,Customer 0616,Individual,Russia,Low,0,7622.82
CUST10616,Customer 0617,Individual,United States,Moderate,0,10984.85
CUST10617,Customer 0618,Individual,Canada,Low,0,6585.59
CUST10618,Customer 0619,Individual,United States,Low,0,41283.82
CUST10619,Customer 0620,Individual,United States,Low,0,13929.1
CUST10620,Customer 0621,Individual,United Arab Emirates,Moderate,0,6561.81
CUST10621,Customer 0622,Individual,United States,Low,0,17620.97
CUST10622,Customer 0623,Individual,India,Low,0,9051.66
CUST10623,Customer 0624,Individual,United Arab Emirates,Moderate,0,12778.81
CUST10624,Customer 0625,Individual,United Arab Emirates,Moderate,0,61895.52
CUST10625,Customer 0626,Individual,China,Low,0,25658.46
CUST10626,Customer 0627,Business,Canada,Moderate,0,13550.26
CUST10627,Customer 0628,Individual,Mexico,Moderate,0,19870.7
CUST10628,Customer 0629,Individual,United States,Low,1,7786.13
CUST10629,Customer 0630,Business,United States,Low,0,7885.34
CUST10630,Customer 0631,Individual,United States,Low,0,58653.92
CUST10631,Customer 0632,Business,United States,Low,0,32778.51
CUST10632,Customer 0633,Business,United Arab Emirates,High,0,9248.9
CUST10633,Customer 0634,Business,United States,Moderate,0,4483.65
CUST10634,Customer 0635,Individual,United States,Low,0,25022.92
CUST10635,Customer 0636,Individual,Mexico,Low,0,5412.51
CUST10636,Customer 0637,Business,United States,Low,0,2542.3
CUST10637,Customer 0638,Individual,United States,Low,0,7732.48
CUST10638,Customer 0639,Individual,United States,Low,0,8134.23
CUST10639,Customer 0640,Individual,United Kingdom,Low,0,7214.98
CUST10640,Customer 0641,Individual,Russia,Moderate,0,16975.73
CUST10641,Customer 0642,Individual,United Kingdom,High,0,19260.05
CUST10642,Customer 0643,Individual,United States,Low,0,32989.21
CUST10643,Customer 0644,Individual,United States,High,0,1999.96
CUST10644,Customer 0645,Business,United States,Low,0,8495.95
CUST10645,Customer 0646,Business,United Kingdom,Low,0,24634.18
CUST10646,Customer 0647,Individual,United States,Low,0,20942.29
CUST10647,Customer 0648,Individual,Turkey,Moderate,0,1630.51
CUST10648,Customer 0649,Individual,United States,Low,0,1137.0
CUST10649,Customer 0650,Business,United Kingdom,Moderate,0,22373.94
CUST10650,Customer 0651,Individual,Canada,Low,0,14572.58
CUST10651,Customer 0652,Individual,United States,Low,0,11119.7
CUST10652,Customer 0653,Individual,Mexico,Moderate,1,41968.97
CUST10653,Customer 0654,Individual,United States,Low,0,110733.16
CUST10654,Customer 0655,Business,Turkey,Low,0,12606.97
CUST10655,Customer 0656,Business,United States,Moderate,0,17162.38
CUST10656,Customer 0657,Individual,Russia,Low,0,12550.02
CUST10657,Customer 0658,Individual,United States,Moderate,0,5582.8
CUST10658,Customer 0659,Individual,United States,Low,0,8182.51
CUST10659,Customer 0660,Individual,China,Moderate,1,39489.76
CUST10660,Customer 0661,Business,United States,Low,0,4669.97
CUST10661,Customer 0662,Individual,Mexico,High,0,8524.56
CUST10662,Customer 0663,Individual,Mexico,Low,0,2391.06
CUST10663,Customer 0664,Business,Russia,High,0,14487.99
CUST10664,Customer 0665,Individual,United States,Moderate,0,5535.26
CUST10665,Customer 0666,Individual,India,Low,0,9634.23
CUST10666,Customer 0667,Individual,China,Moderate,0,1976.46
CUST10667,Customer 0668,Individual,United States,Low,0,6107.6
CUST10668,Customer 0669,Individual,United States,Low,0,28848.47
CUST10669,Customer 0670,Individual,United States,High,0,11470.18
CUST10670,Customer 0671,Individual,China,Low,0,2979.7
CUST10671,Customer 0672,Individual,United States,Moderate,0,13338.16
CUST10672,Customer 0673,Individual,United States,Low,0,11109.67
CUST10673,Customer 0674,Individual,United States,Low,0,3772.06
CUST10674,Customer 0675,Individual,United States,Low,0,12739.61
CUST10675,Customer 0676,Individual,Mexico,Low,0,5532.76
CUST10676,Customer 0677,Individual,United States,Low,0,3332.0
CUST10677,Customer 0678,Business,United States,Low,0,45478.25
CUST10678,Customer 0679,Individual,United States,Low,0,11240.84
CUST10679,Customer 0680,Individual,China,Low,0,2087.44
CUST10680,Customer 0681,Individual,Turkey,Moderate,0,19368.97
CUST10681,Customer 0682,Individual,United States,High,0,2955.13
CUST10682,Customer 0683,Individual,United Kingdom,Low,0,7965.15
CUST10683,Customer 0684,Individual,United States,Moderate,0,16405.22
CUST10684,Customer 0685,Individual,Canada,High,0,3220.9
CUST10685,Customer 0686,Individual,United States,Low,0,22478.29
CUST10686,Customer 0687,Individual,United States,Low,0,9247.63
CUST10687,Customer 0688,Individual,United States,Low,0,17888.68
CUST10688,Customer 0689,Individual,United States,Moderate,0,5486.6
CUST10689,Customer 0690,Individual,Mexico,Moderate,0,5221.8
CUST10690,Customer 0691,Business,United States,Moderate,0,150676.38
CUST10691,Customer 0692,Individual,United States,Moderate,1,15176.45
CUST10692,Customer 0693,Individual,United Kingdom,Low,0,4716.5
CUST10693,Customer 0694,Individual,Turkey,Moderate,0,7108.11
CUST10694,Customer 0695,Individual,United States,High,0,13310.66
CUST10695,Customer 0696,Individual,United Arab Emirates,High,0,30850.42
CUST10696,Customer 0697,Individual,China,Moderate,0,11544.99
CUST10697,Customer 0698,Business,Nigeria,Moderate,0,1624.21
CUST10698,Customer 0699,Individual,United Kingdom,High,0,16220.72
CUST10699,Customer 0700,Individual,Turkey,Low,0,5359.41
CUST10700,Customer 0701,Individual,United States,Low,0,32846.08
CUST10701,Customer 0702,Individual,United States,Low,1,12039.7
CUST10702,Customer 0703,Individual,United States,Low,0,66686.82
CUST10703,Customer 0704,Individual,United States,Low,0,11504.48
CUST10704,Customer 0705,Individual,United Kingdom,Low,0,152510.98
CUST10705,Customer 0706,Individual,China,Low,0,7285.75
CUST10706,Customer 0707,Individual,United States,High,0,6230.53
CUST10707,Customer 0708,Individual,United States,Low,0,61743.39
CUST10708,Customer 0709,Business,United States,Moderate,0,11652.96
CUST10709,Customer 0710,Individual,United States,Low,0,4403.45
CUST10710,Customer 0711,Individual,United States,Moderate,0,48430.6
CUST10711,Customer 0712,Individual,Mexico,Low,0,9684.29
CUST10712,Customer 0713,Individual,China,Low,0,20287.42
CUST10713,Customer 0714,Individual,United States,Low,0,39549.58
CUST10714,Customer 0715,Individual,United Arab Emirates,Low,0,9867.97
CUST10715,Customer 0716,Individual,Canada,High,0,13284.98
CUST10716,Customer 0717,Business,Turkey,High,0,29659.61
CUST10717,Customer 0718,Business,United States,Moderate,0,72607.81
CUST10718,Customer 0719,Individual,United States,Moderate,0,12186.82
CUST10719,Customer 0720,Individual,United States,High,0,23204.47
CUST10720,Customer 0721,Individual,Mexico,Moderate,0,12934.86
CUST10721,Customer 0722,Individual,United States,Low,0,8713.78
CUST10722,Customer 0723,Individual,Canada,Low,0,2502.31
CUST10723,Customer 0724,Individual,United Kingdom,Low,0,4218.28
CUST10724,Customer 0725,Individual,United States,High,0,11011.72
CUST10725,Customer 0726,Business,United States,Low,0,13194.38
CUST10726,Customer 0727,Individual,Turkey,Low,0,24054.2
CUST10727,Customer 0728,Individual,United Kingdom,High,0,15905.18
CUST10728,Customer 0729,Individual,United States,Low,0,23456.17
CUST10729,Customer 0730,Individual,Mexico,High,0,10966.18
CUST10730,Customer 0731,Individual,Mexico,Low,0,1732.14
CUST10731,Customer 0732,Individual,Mexico,Low,0,8134.3
CUST10732,Customer 0733,Individual,United Kingdom,Moderate,0,20915.88
CUST10733,Customer 0734,Individual,United Kingdom,Moderate,0,23175.4
CUST10734,Customer 0735,Individual,United States,Low,0,5083.71
CUST10735,Customer 0736,Business,Nigeria,Low,0,10100.19
CUST10736,Customer 0737,Individual,India,Low,0,14628.21
CUST10737,Customer 0738,Individual,Mexico,Low,0,2801.74
CUST10738,Customer 0739,Individual,China,High,0,2401.49
CUST10739,Customer 0740,Business,United States,High,0,25389.52
CUST10740,Customer 0741,Individual,United States,Low,0,11440.62
CUST10741,Customer 0742,Individual,United States,Low,0,9504.15
CUST10742,Customer 0743,Business,United States,Moderate,0,10127.8
CUST10743,Customer 0744,Individual,Canada,High,0,6096.21
CUST10744,Customer 0745,Individual,United States,Low,0,20411.85
CUST10745,Customer 0746,Individual,Turkey,Low,0,11706.01
CUST10746,Customer 0747,Business,Nigeria,Low,0,7509.61
CUST10747,Customer 0748,Individual,United Kingdom,Low,0,28100.53
CUST10748,Customer 0749,Individual,Canada,High,0,21611.46
CUST10749,Customer 0750,Individual,Turkey,Low,0,8540.8
CUST10750,Customer 0751,Individual,India,Moderate,0,12241.29
CUST10751,Customer 0752,Individual,Russia,Low,0,9212.87
CUST10752,Customer 0753,Individual,United States,Low,0,12925.76
CUST10753,Customer 0754,Individual,United Arab Emirates,Low,0,36675.3
CUST10754,Customer 0755,Individual,United Arab Emirates,High,0,10729.01
CUST10755,Customer 0756,Individual,Mexico,Moderate,0,5874.47
CUST10756,Customer 0757,Business,United States,Low,0,7139.27
CUST10757,Customer 0758,Individual,United States,Moderate,0,13276.28
CUST10758,Customer 0759,Individual,United States,Low,0,4330.58
CUST10759,Customer 0760,Individual,Mexico,Moderate,0,30891.42
CUST10760,Customer 0761,Individual,Nigeria,Low,0,1939.26
CUST10761,Customer 0762,Business,China,Low,0,4976.66
CUST10762,Customer 0763,Individual,Mexico,Moderate,0,3616.23
CUST10763,Customer 0764,Individual,China,Low,0,3339.66
CUST10764,Customer 0765,Individual,India,Low,0,2639.82
CUST10765,Customer 0766,Individual,United States,Low,0,1568.44
CUST10766,Customer 0767,Individual,India,Moderate,0,10086.98
CUST10767,Customer 0768,Individual,United States,Moderate,0,20209.14
CUST10768,Customer 0769,Individual,United States,High,0,4345.57
CUST10769,Customer 0770,Individual,United States,Moderate,0,6452.82
CUST10770,Customer 0771,Individual,United States,Low,0,6749.84
CUST10771,Customer 0772,Individual,India,Low,0,8878.76
CUST10772,Customer 0773,Individual,United States,Moderate,0,6744.78
CUST10773,Customer 0774,Individual,China,Low,0,5397.03
CUST10774,Customer 0775,Individual,United States,High,0,19612.67
CUST10775,Customer 0776,Business,China,Low,0,5337.71
CUST10776,Customer 0777,Individual,United Kingdom,Moderate,0,6587.72
CUST10777,Customer 0778,Business,United States,Low,0,9368.76
CUST10778,Customer 0779,Individual,United States,Moderate,0,19689.56
CUST10779,Customer 0780,Business,India,High,0,5222.69
CUST10780,Customer 0781,Business,Nigeria,Low,0,6715.13
CUST10781,Customer 0782,Individual,United States,Moderate,0,27165.98
CUST10782,Customer 0783,Individual,Mexico,Low,0,2019.2
CUST10783,Customer 0784,Individual,United Arab Emirates,Low,0,2594.51
CUST10784,Customer 0785,Individual,Mexico,Low,0,2346.11
CUST10785,Customer 0786,Individual,Nigeria,Low,0,19293.12
CUST10786,Customer 0787,Individual,India,High,0,21067.25
CUST10787,Customer 0788,Individual,United Kingdom,Low,0,9353.51
CUST10788,Customer 0789,Individual,Russia,Moderate,0,16611.02
CUST10789,Customer 0790,Business,United States,Low,0,15462.8
CUST10790,Customer 0791,Individual,Nigeria,Low,0,25241.54
CUST10791,Customer 0792,Individual,United States,Moderate,0,7003.12
CUST10792,Customer 0793,Individual,United States,High,0,6907.8
CUST10793,Customer 0794,Individual,Nigeria,Low,0,24739.01
CUST10794,Customer 0795,Individual,United States,Low,0,22218.45
CUST10795,Customer 0796,Individual,United States,Low,0,19493.71
CUST10796,Customer 0797,Individual,United States,High,0,5043.35
CUST10797,Customer 0798,Individual,Turkey,Low,0,16809.78
CUST10798,Customer 0799,Individual,Turkey,Moderate,0,12368.82
CUST10799,Customer 0800,Business,Nigeria,Moderate,0,13205.31
CUST10800,Customer 0801,Individual,United States,Moderate,0,15452.39
CUST10801,Customer 0802,Individual,United States,High,0,21615.98
CUST10802,Customer 0803,Individual,Canada,Moderate,0,35344.42
CUST10803,Customer 0804,Individual,United States,Low,0,1884.09
CUST10804,Customer 0805,Individual,Nigeria,Low,0,4031.49
CUST10805,Customer 0806,Business,Russia,Low,0,3416.7
CUST10806,Customer 0807,Individual,United States,Moderate,0,31658.84
CUST10807,Customer 0808,Individual,Canada,Moderate,0,5998.17
CUST10808,Customer 0809,Business,Nigeria,Moderate,0,10330.46
CUST10809,Customer 0810,Individual,United Arab Emirates,Low,0,9080.75
CUST10810,Customer 0811,Individual,India,Low,0,24237.15
CUST10811,Customer 0812,Business,Turkey,Low,0,13271.22
CUST10812,Customer 0813,Individual,United States,Low,0,16840.45
CUST10813,Customer 0814,Individual,United States,Low,0,30556.17
CUST10814,Customer 0815,Individual,United States,Low,0,2535.9
CUST10815,Customer 0816,Individual,Nigeria,Low,0,2050.42
CUST10816,Customer 0817,Business,United States,Low,0,6696.26
CUST10817,Customer 0818,Individual,United States,Moderate,0,9025.82
CUST10818,Customer 0819,Individual,United Kingdom,Moderate,0,5725.18
CUST10819,Customer 0820,Individual,United States,Moderate,0,23392.81
CUST10820,Customer 0821,Individual,United States,Low,0,8108.77
CUST10821,Customer 0822,Individual,United States,Moderate,0,4384.63
CUST10822,Customer 0823,Individual,United Arab Emirates,Moderate,0,15398.32
CUST10823,Customer 0824,Individual,United States,Low,0,2105.08
CUST10824,Customer 0825,Individual,Turkey,Low,0,5553.0
CUST10825,Customer 0826,Individual,United States,Low,0,53175.34
CUST10826,Customer 0827,Individual,United Arab Emirates,Low,0,192806.39
CUST10827,Customer 0828,Individual,United States,Moderate,1,17050.58
CUST10828,Customer 0829,Individual,Canada,Low,0,5447.6
CUST10829,Customer 0830,Individual,United Kingdom,Moderate,0,1925.7
CUST10830,Customer 0831,Individual,Mexico,High,0,3437.32
CUST10831,Customer 0832,Individual,United Arab Emirates,Low,0,6914.24
CUST10832,Customer 0833,Individual,India,Moderate,0,23712.97
CUST10833,Customer 0834,Individual,Russia,Low,0,2838.85
CUST10834,Customer 0835,Individual,United States,Low,0,7201.58
CUST10835,Customer 0836,Individual,Nigeria,Moderate,0,26229.05
CUST10836,Customer 0837,Individual,United States,Moderate,0,1929.11
CUST10837,Customer 0838,Individual,United Arab Emirates,High,0,9330.0
CUST10838,Customer 0839,Individual,United Arab Emirates,High,0,16662.95
CUST10839,Customer 0840,Individual,United Arab Emirates,Low,0,6840.27
CUST10840,Customer 0841,Individual,United States,Low,0,24263.3
CUST10841,Customer 0842,Business,United States,Low,0,20394.65
CUST10842,Customer 0843,Individual,United States,Low,0,3649.15
CUST10843,Customer 0844,Individual,Canada,Low,0,17729.87
CUST10844,Customer 0845,Individual,United States,Low,0,8571.05
CUST10845,Customer 0846,Individual,Canada,Moderate,0,20181.19
CUST10846,Customer 0847,Individual,Canada,Low,0,6552.01
CUST10847,Customer 0848,Individual,United Arab Emirates,Low,1,18514.03
CUST10848,Customer 0849,Individual,United Arab Emirates,Low,0,10004.56
CUST10849,Customer 0850,Individual,United States,Moderate,0,5750.1
CUST10850,Customer 0851,Individual,United States,Moderate,0,33364.65
CUST10851,Customer 0852,Individual,Mexico,Low,0,4021.92
CUST10852,Customer 0853,Business,Russia,High,0,12663.51
CUST10853,Customer 0854,Business,Canada,Moderate,0,8366.63
CUST10854,Customer 0855,Individual,United Kingdom,Low,0,19915.29
CUST10855,Customer 0856,Business,United States,Low,0,2746.51
CUST10856,Customer 0857,Individual,United States,Low,0,12579.28
CUST10857,Customer 0858,Individual,United States,Low,0,16457.7
CUST10858,Customer 0859,Individual,United States,Low,0,16302.49
CUST10859,Customer 0860,Individual,United Arab Emirates,Low,0,6523.44
CUST10860,Customer 0861,Individual,India,Moderate,0,29619.73
CUST10861,Customer 0862,Individual,Nigeria,Low,0,7249.68
CUST10862,Customer 0863,Individual,Mexico,Moderate,0,13986.21
CUST10863,Customer 0864,Individual,United Kingdom,Low,0,10235.43
CUST10864,Customer 0865,Individual,China,Moderate,0,23842.54
CUST10865,Customer 0866,Business,Canada,Low,0,7096.81
CUST10866,Customer 0867,Individual,China,Moderate,1,44528.21
CUST10867,Customer 0868,Individual,United States,Low,0,7967.57
CUST10868,Customer 0869,Individual,Mexico,Low,0,8075.34
CUST10869,Customer 0870,Individual,United States,Low,0,2523.85
CUST10870,Customer 0871,Individual,Mexico,Low,0,1870.2
CUST10871,Customer 0872,Individual,Nigeria,Moderate,0,49895.48
CUST10872,Customer 0873,Individual,China,Low,0,3418.53
CUST10873,Customer 0874,Individual,India,Moderate,0,21775.77
CUST10874,Customer 0875,Individual,India,Low,0,5493.49
CUST10875,Customer 0876,Individual,Mexico,Low,0,17883.07
CUST10876,Customer 0877,Individual,Mexico,Moderate,0,35096.89
CUST10877,Customer 0878,Individual,Canada,Moderate,0,21633.42
CUST10878,Customer 0879,Individual,Russia,Low,0,33735.17
CUST10879,Customer 0880,Business,United States,Low,1,4324.96
CUST10880,Customer 0881,Individual,China,Low,0,21139.41
CUST10881,Customer 0882,Individual,Mexico,Low,0,6610.66
CUST10882,Customer 0883,Individual,United States,Low,0,3655.06
CUST10883,Customer 0884,Individual,China,Low,0,19602.97
CUST10884,Customer 0885,Business,Canada,Low,0,21631.9
CUST10885,Customer 0886,Individual,United States,High,0,99530.44
CUST10886,Customer 0887,Individual,Canada,Low,0,13895.75
CUST10887,Customer 0888,Individual,United States,Moderate,0,2210.11
CUST10888,Customer 0889,Individual,United States,Moderate,0,6149.86
CUST10889,Customer 0890,Individual,United States,Moderate,0,25052.74
CUST10890,Customer 0891,Individual,Mexico,Low,0,5316.05
CUST10891,Customer 0892,Individual,United States,Moderate,0,4572.78
CUST10892,Customer 0893,Individual,United Kingdom,Low,0,43896.79
CUST10893,Customer 0894,Individual,Mexico,Moderate,0,19217.45
CUST10894,Customer 0895,Individual,China,Low,0,20501.97
CUST10895,Customer 0896,Individual,United States,Moderate,0,7712.65
CUST10896,Customer 0897,Individual,United States,Low,0,8309.22
CUST10897,Customer 0898,Individual,India,Low,0,15803.07
CUST10898,Customer 0899,Business,Mexico,Moderate,0,14584.77
CUST10899,Customer 0900,Individual,Russia,High,0,27740.71
